hold_days,stop_loss_frac,entry_threshold,total_return_pct,sharpe,max_drawdown_pct,hit_rate_pct,entries,exits,avg_days_held,stop_loss_exit_count
1,,,0.0,,0.0,0.0,365,365,1.0,0
1,,0.0,0.0,,0.0,0.0,172,172,1.0,0
1,,0.0005,0.0,,0.0,0.0,122,122,1.0,0
1,,0.001,0.0,,0.0,0.0,65,65,1.0,0
1,0.1,,0.0,,0.0,0.0,365,365,1.0,0
1,0.1,0.0,0.0,,0.0,0.0,172,172,1.0,0
1,0.1,0.0005,0.0,,0.0,0.0,122,122,1.0,0
1,0.1,0.001,0.0,,0.0,0.0,65,65,1.0,0
1,0.2,,0.0,,0.0,0.0,365,365,1.0,0
1,0.2,0.0,0.0,,0.0,0.0,172,172,1.0,0
1,0.2,0.0005,0.0,,0.0,0.0,122,122,1.0,0
1,0.2,0.001,0.0,,0.0,0.0,65,65,1.0,0
1,0.3,,0.0,,0.0,0.0,365,365,1.0,0
1,0.3,0.0,0.0,,0.0,0.0,172,172,1.0,0
1,0.3,0.0005,0.0,,0.0,0.0,122,122,1.0,0
1,0.3,0.001,0.0,,0.0,0.0,65,65,1.0,0
1,0.4,,0.0,,0.0,0.0,365,365,1.0,0
1,0.4,0.0,0.0,,0.0,0.0,172,172,1.0,0
1,0.4,0.0005,0.0,,0.0,0.0,122,122,1.0,0
1,0.4,0.001,0.0,,0.0,0.0,65,65,1.0,0
2,,,-61.22088553505134,-1.1340559668732362,-62.12650460895196,2.7725939749400164,324,324,2.0,0
2,,0.0,-23.34851037512278,-1.9436545053035397,-26.13342404159192,1.3862969874700082,150,150,2.0,0
2,,0.0005,-17.40708555603324,-2.4859063210513708,-20.50301869569614,0.9864036256998134,107,107,2.0,0
2,,0.001,-7.747540948966158,-2.9588969076569107,-10.087570658316704,0.6131698213809651,57,57,2.0,0
2,0.1,,-61.22088553505134,-1.1340559668732362,-62.12650460895196,2.7725939749400164,324,324,2.0,134
2,0.1,0.0,-23.34851037512278,-1.9436545053035397,-26.13342404159192,1.3862969874700082,150,150,2.0,62
2,0.1,0.0005,-17.40708555603324,-2.4859063210513708,-20.50301869569614,0.9864036256998134,107,107,2.0,44
2,0.1,0.001,-7.747540948966158,-2.9588969076569107,-10.087570658316704,0.6131698213809651,57,57,2.0,20
2,0.2,,-61.22088553505134,-1.1340559668732362,-62.12650460895196,2.7725939749400164,324,324,2.0,107
2,0.2,0.0,-23.34851037512278,-1.9436545053035397,-26.13342404159192,1.3862969874700082,150,150,2.0,51
2,0.2,0.0005,-17.40708555603324,-2.4859063210513708,-20.50301869569614,0.9864036256998134,107,107,2.0,39
2,0.2,0.001,-7.747540948966158,-2.9588969076569107,-10.087570658316704,0.6131698213809651,57,57,2.0,16
2,0.3,,-61.22088553505134,-1.1340559668732362,-62.12650460895196,2.7725939749400164,324,324,2.0,99
2,0.3,0.0,-23.34851037512278,-1.9436545053035397,-26.13342404159192,1.3862969874700082,150,150,2.0,47
2,0.3,0.0005,-17.40708555603324,-2.4859063210513708,-20.50301869569614,0.9864036256998134,107,107,2.0,35
2,0.3,0.001,-7.747540948966158,-2.9588969076569107,-10.087570658316704,0.6131698213809651,57,57,2.0,14
2,0.4,,-61.22088553505134,-1.1340559668732362,-62.12650460895196,2.7725939749400164,324,324,2.0,82
2,0.4,0.0,-23.34851037512278,-1.9436545053035397,-26.13342404159192,1.3862969874700082,150,150,2.0,40
2,0.4,0.0005,-17.40708555603324,-2.4859063210513708,-20.50301869569614,0.9864036256998134,107,107,2.0,30
2,0.4,0.001,-7.747540948966158,-2.9588969076569107,-10.087570658316704,0.6131698213809651,57,57,2.0,12
3,,,-50.50872280932228,-1.1978684997342222,-53.7098872899884,5.278592375366569,262,262,3.0,0
3,,0.0,-21.29981836454853,-1.8000233056786867,-27.38066724911763,2.532657957877899,133,133,3.0,0
3,,0.0005,-10.158856849730514,-2.4580720333827637,-16.514043051573125,1.9728072513996269,92,92,3.0,0
3,,0.001,2.9460609896633905,-2.5323872344359986,-4.013278362984223,1.2263396427619302,53,53,3.0,0
3,0.1,,-55.68292799316907,-1.040709887802868,-58.02675285065002,4.452146094374833,286,286,2.5874125874125875,146
3,0.1,0.0,-19.655602874265497,-1.7867964255191213,-24.57554104462052,2.1860837110103972,137,137,2.5547445255474455,79
3,0.1,0.0005,-9.631732160794492,-2.5045299978651685,-14.951067568227616,1.6528925619834711,96,96,2.5520833333333335,54
3,0.1,0.001,1.4540204354268838,-2.6720823260881463,-4.2850453681572285,1.0130631831511596,53,53,2.641509433962264,25
3,0.2,,-57.608437480720575,-1.0767676026164148,-59.16791526268751,4.558784324180219,278,278,2.672661870503597,118
3,0.2,0.0,-20.487937585734528,-1.809991224495228,-25.434560918739013,2.1860837110103972,135,135,2.6148148148148147,70
3,0.2,0.0005,-9.993013564181009,-2.521013084293389,-15.581045247629866,1.626233004532125,94,94,2.5851063829787235,47
3,0.2,0.001,1.8869640260088971,-2.646130927851986,-4.2850453681572285,1.0663822980538524,53,53,2.69811320754717,21
3,0.3,,-56.15083293303357,-1.0767431371020928,-57.73172963792964,4.718741668888296,277,277,2.7184115523465704,99
3,0.3,0.0,-20.627856824539514,-1.8125629514826942,-25.567330411055167,2.2394028259130896,135,135,2.6666666666666665,60
3,0.3,0.0005,-10.048925808740005,-2.5220381099510374,-15.63376734998229,1.6795521194348173,94,94,2.648936170212766,41
3,0.3,0.001,1.8830076629438919,-2.6459247933290713,-4.301880848761082,1.1197014129565448,53,53,2.7735849056603774,17
3,0.4,,-57.909830094540595,-1.0740240003885766,-59.46256182133893,4.852039456145028,276,276,2.760869565217391,86
3,0.4,0.0,-20.735596290942524,-1.8160814678717991,-25.667678727250305,2.2660623833644364,135,135,2.7037037037037037,53
3,0.4,0.0005,-10.099327863527996,-2.5224242818287905,-15.679419730970922,1.7062116768861637,94,94,2.6808510638297873,37
3,0.4,0.001,1.8830076629438919,-2.6459247933290713,-4.301880848761082,1.1197014129565448,53,53,2.7735849056603774,16
4,,,-48.804984867421375,-0.9193438245160116,-51.81657635862662,7.038123167155426,239,239,4.0,0
4,,0.0,-19.001963945630894,-1.8603518139105415,-25.278542046144697,3.439082911223674,126,126,4.0,0
4,,0.0005,-12.31239926431089,-2.4577756343213455,-18.32742814267822,2.6392961876832843,89,89,4.0,0
4,,0.001,-0.15685056553351728,-2.5657250306765356,-5.618197067529675,1.5462543321780857,51,51,4.0,0
4,0.1,,-43.47336748963115,-1.1058186312381666,-45.175741001309525,5.491868834977339,267,267,3.0823970037453186,146
4,0.1,0.0,-17.387483006015593,-1.9199542290942921,-22.8775473061155,2.5859770727805915,131,131,2.9770992366412212,81
4,0.1,0.0005,-9.602251549225095,-2.491322753318566,-15.495699689023418,1.999466808850973,93,93,3.0,56
4,0.1,0.001,-0.7720786590827089,-2.702121285115624,-4.754625708337938,1.1730205278592376,51,51,3.176470588235294,26
4,0.2,,-49.121938277048294,-1.1766739396290302,-50.742649510793214,5.625166622234071,260,260,3.226923076923077,129
4,0.2,0.0,-18.855128878512094,-1.960404003203241,-24.05691766774551,2.6659557451346307,129,129,3.10077519379845,75
4,0.2,0.0005,-11.197707312025596,-2.5371635455543373,-17.13139134179103,1.999466808850973,92,92,3.0869565217391304,53
4,0.2,0.001,-0.30904063761520995,-2.663171372699822,-4.795681754405906,1.2529992002132764,51,51,3.3137254901960786,25
4,0.3,,-49.8809740193593,-1.1824263778073367,-51.497579335025456,5.731804852039456,257,257,3.291828793774319,118
4,0.3,0.0,-19.285230296900103,-1.9682861936822336,-24.46114601679007,2.7725939749400164,129,129,3.201550387596899,65
4,0.3,0.0005,-11.501721798827614,-2.5458357934254248,-17.415340854234742,2.079445481205012,92,92,3.1956521739130435,44
4,0.3,0.001,-0.5606188867072093,-2.6715316900702737,-4.8795211898646995,1.3063183151159692,51,51,3.4313725490196076,21
4,0.4,,-51.48780108252732,-1.1719355245563217,-53.05257767405431,5.998400426552919,256,256,3.38671875,104
4,0.4,0.0,-19.204777813690598,-1.9683644492189536,-24.35518014323672,2.852572647294055,129,129,3.302325581395349,61
4,0.4,0.0005,-11.301251124349099,-2.5350305259789883,-17.1979369345018,2.132764596107705,92,92,3.282608695652174,41
4,0.4,0.001,-0.5947796288057194,-2.6728912753880096,-4.912330066905024,1.3063183151159692,51,51,3.4705882352941178,21
5,,,-25.60316650018236,-0.7218833085689076,-42.636498681854064,9.037589976006398,225,225,5.0,0
5,,0.0,-14.921765639258522,-1.660585373999957,-21.17256688352428,4.558784324180219,120,120,5.0,0
5,,0.0005,-13.755604915490006,-2.238871246231792,-18.3866003071542,3.332444681418288,86,86,5.0,0
5,,0.001,-2.182137965853126,-2.134443013705361,-6.649263616694601,1.8928285790455877,50,50,5.0,0
5,0.1,,-42.748122149882086,-1.0296486691238407,-49.197799248282685,6.344974673420421,255,255,3.541176470588235,154
5,0.1,0.0,-22.23952159980702,-1.8766982566059225,-26.389731319351018,3.0658491069048255,128,128,3.421875,83
5,0.1,0.0005,-15.640739940931493,-2.3695802143697384,-19.955303076437062,2.2127432684617436,92,92,3.4239130434782608,61
5,0.1,0.001,-8.219140348459108,-2.41111343287702,-11.065867965580344,1.3063183151159692,50,50,3.7,31
5,0.2,,-44.7476163847102,-1.0166468823573198,-52.9857055239329,6.718208477739269,247,247,3.7530364372469633,130
5,0.2,0.0,-23.421133269474524,-1.9132464159394247,-27.258204621397482,3.1458277792588643,127,127,3.559055118110236,74
5,0.2,0.0005,-15.916151338263996,-2.3378660929006396,-21.30212175219659,2.2394028259130896,91,91,3.5384615384615383,54
5,0.2,0.001,-6.7089649867691055,-2.3120778476721746,-11.004334244697166,1.4129565449213544,50,50,3.86,26
5,0.3,,-45.1291652188557,-1.0199221663503024,-53.35031368196442,6.878165822447348,243,243,3.8641975308641974,123
5,0.3,0.0,-23.799092285401525,-1.91759764062409,-27.696057871813494,3.3057851239669422,127,127,3.716535433070866,71
5,0.3,0.0005,-16.165245315419497,-2.343611325234527,-21.56094420729344,2.372700613169821,91,91,3.7142857142857144,51
5,0.3,0.001,-7.040566732976117,-2.322043420695905,-11.261753320297984,1.466275659824047,50,50,4.0,25
5,0.4,,-47.268876921357226,-1.0015457554510572,-55.453976606842915,7.064782724606772,239,239,3.99581589958159,108
5,0.4,0.0,-22.943367937485014,-1.8657235380225698,-28.18930373860537,3.439082911223674,127,127,3.874015748031496,66
5,0.4,0.0005,-15.925666848252495,-2.329435850279575,-21.53594749688652,2.4526792855238604,91,91,3.8351648351648353,46
5,0.4,0.001,-7.074727475074615,-2.323181230911872,-11.294854513288719,1.466275659824047,50,50,4.04,23
6,,,-31.522110293922335,-1.0655892619482534,-39.522572900116344,10.530525193281791,210,210,6.0,0
6,,0.0,-15.386164786908285,-1.5700004394433038,-20.480716011636186,5.625166622234071,116,116,6.0,0
6,,0.0005,-13.249180205949763,-2.188865041613322,-18.334729132097753,3.918954945347907,83,83,6.0,0
6,,0.001,-2.937176949187126,-2.1317257740952726,-6.399850683205075,2.2127432684617436,47,47,6.0,0
6,0.1,,-49.06686871670768,-0.9925990995277578,-54.87943167663288,7.011463609704078,249,249,3.8795180722891565,160
6,0.1,0.0,-21.521447292345762,-1.747764841653522,-25.98355358387089,3.46574246867502,125,125,3.768,82
6,0.1,0.0005,-15.673305339042754,-2.3618863330516526,-20.52217400569878,2.372700613169821,90,90,3.7333333333333334,62
6,0.1,0.001,-8.557717508557616,-2.4201617264213398,-11.410678298425267,1.466275659824047,50,50,4.06,31
6,0.2,,-48.949868770753454,-0.9895649683987394,-55.59829273920701,7.837909890695814,243,243,4.2181069958847734,137
6,0.2,0.0,-20.742164501634264,-1.735317454865332,-25.241375668198984,3.6256998133830978,123,123,3.951219512195122,75
6,0.2,0.0005,-15.328743652469756,-2.2954951138085753,-20.713062708135595,2.5059984004265528,89,89,3.9101123595505616,56
6,0.2,0.001,-6.73293864222011,-2.2906210544276013,-10.465871335255763,1.6528925619834711,50,50,4.3,27
6,0.3,,-50.08134741522048,-0.9923345928710802,-56.620031283513796,8.024526792855239,240,240,4.366666666666666,128
6,0.3,0.0,-21.25332486020277,-1.7429429304230926,-25.79215188099257,3.7856571580911753,123,123,4.138211382113822,71
6,0.3,0.0005,-15.711038972266744,-2.3050814037449303,-21.084064992739318,2.6392961876832843,89,89,4.123595505617978,53
6,0.3,0.001,-7.080143034118114,-2.300962350572298,-10.738354172437525,1.7062116768861637,50,50,4.46,26
6,0.4,,-51.717200493392504,-0.9670156814724543,-58.181545581049875,8.37110103972274,236,236,4.5423728813559325,115
6,0.4,0.0,-21.669957153622267,-1.7490839483943668,-26.09406576330556,3.998933617701946,123,123,4.357723577235772,67
6,0.4,0.0005,-15.839598420685242,-2.2996686991314337,-21.021771409603573,2.7459344174886695,89,89,4.325842696629214,50
6,0.4,0.001,-7.534022467457612,-2.31297189401941,-10.81978493319482,1.7062116768861637,50,50,4.58,26
7,,,-10.394890622672015,-1.032909471808619,-22.955364343337603,12.743268461743535,212,212,7.0,0
7,,0.0,-12.507764560008505,-1.7236459957266719,-17.87915070168971,6.318315115969075,109,109,7.0,0
7,,0.0005,-8.002659935439993,-2.3107718741224366,-13.410944922613554,4.505465209277526,78,78,7.0,0
7,,0.001,-2.409974155243866,-2.090569245483863,-6.1249305130515745,2.3993601706211676,44,44,7.0,0
7,0.1,,-32.59471788589491,-0.9782923529490415,-39.428929448387876,8.024526792855239,243,243,4.316872427983539,159
7,0.1,0.0,-23.53785137629626,-1.8997738364656924,-27.524191578216545,3.7856571580911753,123,123,4.1138211382113825,83
7,0.1,0.0005,-16.69612969499076,-2.3806854460008977,-21.113136995923693,2.5059984004265528,89,89,4.01123595505618,63
7,0.1,0.001,-8.997704399516104,-2.3907634639375943,-11.699445629398031,1.4929352172753934,48,48,4.333333333333333,31
7,0.2,,-29.561871597045464,-0.9618708930960335,-37.31252503496651,9.357504665422555,234,234,4.829059829059829,127
7,0.2,0.0,-21.83005882002376,-1.8642826127404308,-25.944917810500623,4.078912290055985,120,120,4.391666666666667,73
7,0.2,0.0005,-15.647980631569258,-2.2987127853912437,-20.696886771946332,2.719274860037323,87,87,4.275862068965517,55
7,0.2,0.001,-6.535089336542621,-2.2509247727569917,-10.224805879517747,1.7062116768861637,47,47,4.723404255319149,26
7,0.3,,-30.717140009544476,-0.9687305190487031,-38.33354192326656,9.59744068248467,233,233,4.9957081545064375,119
7,0.3,0.0,-22.740062609081768,-1.8819945478075992,-26.878339525736628,4.18555051986137,117,117,4.6239316239316235,68
7,0.3,0.0005,-16.553920812584245,-2.3198979066734777,-21.568145438596854,2.879232204745401,87,87,4.528735632183908,53
7,0.3,0.001,-6.882864710086611,-2.2612297357619275,-10.498276864245645,1.7595307917888565,47,47,4.914893617021277,25
7,0.4,,-34.42726663226998,-0.966450446623106,-41.89190881697292,9.997334044254865,230,230,5.239130434782608,110
7,0.4,0.0,-22.044984601339756,-1.861168589027108,-26.629672053455018,4.425486536923487,116,116,4.896551724137931,64
7,0.4,0.0005,-15.838515269765253,-2.289076738686951,-21.30525447328792,3.0125299920021327,86,86,4.755813953488372,50
7,0.4,0.001,-7.3367441434261105,-2.273101974948373,-10.667019675729168,1.7595307917888565,47,47,5.042553191489362,25
8,,,-11.831068847481784,-1.262969071374633,-20.254799143442323,13.623033857637964,191,191,8.0,0
8,,0.0,-15.72221641271775,-1.9154083625446712,-20.770891714568215,7.064782724606772,101,101,8.0,0
8,,0.0005,-6.906312876656262,-2.7873733998155306,-12.509378224254371,5.225273260463877,74,74,8.0,0
8,,0.001,-0.11460974960587622,-2.549522981952378,-3.698962295417191,2.852572647294055,42,42,8.0,0
8,0.1,,-29.58602040832865,-1.0587841047408095,-37.63970920888152,8.424420154625434,234,234,4.683760683760684,154
8,0.1,0.0,-19.092081304254005,-1.9362143659282218,-23.152556015333452,4.0255931751532925,118,118,4.398305084745763,80
8,0.1,0.0005,-12.57976096917549,-2.5585247073439716,-17.054203664797264,2.6659557451346307,87,87,4.264367816091954,62
8,0.1,0.001,-4.275414811831624,-2.6486676073189264,-7.111942473128454,1.5995734470807785,46,46,4.630434782608695,30
8,0.2,,-30.325214586163195,-1.059469692783092,-37.62939265473235,9.59744068248467,222,222,5.243243243243243,125
8,0.2,0.0,-18.759098323032,-1.9039135021013074,-22.82518334740312,4.345507864569448,115,115,4.721739130434782,72
8,0.2,0.0005,-11.899642425110502,-2.4650421068189825,-16.51306284594332,2.9592108770994403,85,85,4.6117647058823525,55
8,0.2,0.001,-2.311600312451123,-2.4842863445105836,-5.885108112052962,1.8395094641428953,45,45,5.133333333333334,26
8,0.3,,-31.701466176534197,-1.065421121653897,-38.81542909406932,9.970674486803519,221,221,5.46606334841629,117
8,0.3,0.0,-19.654411863074017,-1.9206256129012023,-23.742933145813314,4.532124766728873,112,112,5.008928571428571,67
8,0.3,0.0005,-12.871770009833504,-2.4858052247097295,-17.4455031895772,3.199146894161557,85,85,4.9411764705882355,53
8,0.3,0.001,-2.7154368082796254,-2.495096666618577,-5.990784450195878,1.9728072513996269,45,45,5.444444444444445,25
8,0.4,,-31.85077295146572,-1.0372899395296094,-38.740949817243,10.557184750733137,216,216,5.773148148148148,106
8,0.4,0.0,-18.634229263494007,-1.8894444219537487,-23.287665234936064,4.825379898693682,111,111,5.27027027027027,63
8,0.4,0.0005,-11.890562005881,-2.4402861830862586,-17.319803895008413,3.3591042388696346,84,84,5.178571428571429,50
8,0.4,0.001,-3.0390800973876364,-2.5058694943137225,-5.998361873495332,1.9728072513996269,45,45,5.533333333333333,25
9,,,-5.75585933936601,-1.1097571874872858,-17.71834249597285,14.262863236470274,168,168,9.0,0
9,,0.0,-20.150418666039737,-1.9704435345736142,-25.21524624348091,7.811250333244468,98,98,9.0,0
9,,0.0005,-9.96533769028225,-2.844504613966611,-15.379105380895385,5.545187949880033,71,71,9.0,0
9,,0.001,-3.2625918833663614,-2.6055463005531125,-6.455583207577343,2.9592108770994403,39,39,9.0,0
9,0.1,,-30.835714653386148,-1.0810236155745487,-37.331931508553694,8.984270861103706,218,218,5.022935779816514,147
9,0.1,0.0,-19.946750717741,-1.9468744481730487,-23.929331584988926,4.398826979472141,115,115,4.721739130434782,79
9,0.1,0.0005,-13.208486133155994,-2.573438703682163,-17.613659713967735,2.879232204745401,84,84,4.5476190476190474,61
9,0.1,0.001,-5.63203837724312,-2.6728902980808535,-8.434842542665903,1.7595307917888565,44,44,5.090909090909091,29
9,0.2,,-32.50642958577794,-1.0784911041834715,-39.52473247192919,9.67741935483871,204,204,5.602941176470588,123
9,0.2,0.0,-21.173144541062506,-1.9404938355169734,-25.082966459407057,4.665422553985604,112,112,5.107142857142857,74
9,0.2,0.0005,-13.33863748106049,-2.5046422065054497,-17.81146170656621,3.1458277792588643,82,82,4.975609756097561,56
9,0.2,0.001,-4.011143743254109,-2.5181205910927895,-7.181372239039652,1.999466808850973,43,43,5.6976744186046515,26
9,0.3,,-33.51662181788144,-1.093569313859308,-39.81710179478434,10.050653159157557,202,202,5.836633663366337,114
9,0.3,0.0,-21.981799264230993,-1.9562373790269818,-25.914523633520275,4.798720341242335,109,109,5.394495412844036,67
9,0.3,0.0005,-14.2710711537685,-2.525571078647063,-18.703038447048872,3.332444681418288,82,82,5.2926829268292686,52
9,0.3,0.001,-4.371947979245627,-2.5294129776278935,-7.467689212796416,2.079445481205012,43,43,5.953488372093023,23
9,0.4,,-31.908315145874976,-0.9983841408507043,-38.18680023859045,10.663822980538523,201,201,6.169154228855722,107
9,0.4,0.0,-21.109906587798,-1.9277464690970183,-25.83027801746193,5.118635030658491,108,108,5.694444444444445,63
9,0.4,0.0005,-13.445445690948999,-2.4847821821596634,-18.679439155032195,3.492402026126366,81,81,5.567901234567901,49
9,0.4,0.001,-4.695591268353616,-2.5401742428781913,-7.510089952286251,2.079445481205012,43,43,6.046511627906977,23
10,,,3.0222378221945068,-1.3948308558256703,-6.76636583052672,13.836310317248735,150,150,10.0,0
10,,0.0,-10.763756587177253,-2.366340223875622,-16.102382967735217,7.971207677952546,90,90,10.0,0
10,,0.0005,-10.923553136325237,-2.8319230198719847,-15.650266903071024,5.6518261796854175,66,66,10.0,0
10,,0.001,-6.078666161165369,-2.5036934767481798,-9.145789802925721,3.1724873367102107,38,38,10.0,0
10,0.1,,-29.469035717354675,-1.0799152012586406,-35.50396050716052,9.490802452679285,208,208,5.389423076923077,142
10,0.1,0.0,-20.632548746201994,-1.9426677085235353,-24.393042958098242,4.612103439082911,110,110,5.0636363636363635,78
10,0.1,0.0005,-13.761310253835502,-2.5792114635479337,-17.650867983916424,3.0925086643561714,81,81,4.901234567901234,58
10,0.1,0.001,-8.220857369789126,-2.5744972088832223,-10.938469071486475,1.8395094641428953,43,43,5.488372093023256,29
10,0.2,,-30.12403274168345,-1.0615428870240726,-37.78862408904505,10.263929618768328,190,190,6.178947368421053,112
10,0.2,0.0,-21.05385209965901,-1.9145521530053164,-24.783926020145735,4.958677685950414,107,107,5.485981308411215,71
10,0.2,0.0005,-13.354392728050001,-2.4858334368422645,-17.26034823587615,3.439082911223674,79,79,5.379746835443038,53
10,0.2,0.001,-6.14538460912013,-2.4103010702512706,-9.149716241109376,2.1061050386563585,42,42,6.142857142857143,26
10,0.3,,-31.80776289195696,-1.0814579082988143,-38.36719431414599,10.530525193281791,188,188,6.430851063829787,106
10,0.3,0.0,-22.404650913563017,-1.9411781204261331,-26.137992612068512,5.091975473207145,104,104,5.836538461538462,66
10,0.3,0.0005,-14.6610047008215,-2.5172985371307037,-18.576991320446933,3.6523593708344437,79,79,5.7594936708860756,51
10,0.3,0.001,-6.879532124195132,-2.432168515328063,-9.798618382134942,2.2127432684617436,42,42,6.476190476190476,25
10,0.4,,-34.627939671164974,-1.0645732034664612,-41.13503816793403,11.170354572114102,187,187,6.839572192513369,99
10,0.4,0.0,-21.64986384719201,-1.9154505753612983,-26.263321502083244,5.411890162623301,103,103,6.194174757281553,62
10,0.4,0.0005,-13.91787766683451,-2.4795060547610035,-18.539662759895094,3.812316715542522,78,78,6.076923076923077,48
10,0.4,0.001,-7.203175413303131,-2.442594959720425,-9.883811660173945,2.2127432684617436,42,42,6.571428571428571,24
11,,,-15.583826060144002,-1.3242556344257421,-21.695071003149913,14.396161023727005,143,143,11.0,0
11,,0.0,-24.06045144215324,-1.793507763772266,-28.39030345382701,8.66435617168755,88,88,11.0,0
11,,0.0005,-24.98735092822023,-1.9233290789945126,-28.467014024297278,6.158357771260997,66,66,11.0,0
11,,0.001,-7.487955485672382,-2.4879655036796797,-10.088727955522538,3.5723806984804054,38,38,11.0,0
11,0.1,,-34.320643924440155,-1.06603444744029,-39.98725567693463,10.237270061316982,207,207,5.714975845410628,143
11,0.1,0.0,-25.816141104154987,-1.8210961608815817,-28.930878990256918,5.038656358304452,111,111,5.324324324324325,80
11,0.1,0.0005,-19.060273186970488,-2.2050326931342124,-22.385959145587726,3.3591042388696346,82,82,5.146341463414634,60
11,0.1,0.001,-8.672672162494132,-2.5706946618666087,-11.241187392645852,2.0261263663023192,43,43,5.813953488372093,31
11,0.2,,-36.57737811125944,-1.0666348037710551,-43.1668652534001,10.850439882697946,187,187,6.518716577540107,116
11,0.2,0.0,-25.487150000813507,-1.7836682025304802,-28.534090885559483,5.3319114902692615,107,107,5.738317757009346,73
11,0.2,0.0005,-19.275206002109478,-2.156772649802853,-22.588790609629395,3.7589976006398294,80,80,5.6625,55
11,0.2,0.001,-7.234682098301127,-2.420806628272109,-9.77634747469913,2.319381498267129,42,42,6.523809523809524,28
11,0.3,,-38.15230498754395,-1.0820204700683798,-43.83434099789577,11.143695014662756,186,186,6.801075268817204,112
11,0.3,0.0,-26.439982128964502,-1.7994907381309753,-29.48908495616685,5.6518261796854175,105,105,6.171428571428572,67
11,0.3,0.0005,-20.762899511211476,-2.1865645390935966,-24.072852830298373,3.998933617701946,80,80,6.075,52
11,0.3,0.001,-7.88611302466612,-2.4393342215640033,-10.409929926352794,2.4526792855238604,42,42,6.880952380952381,27
11,0.4,,-41.587649967036455,-1.0696840984159897,-46.936667011509805,11.650226606238338,182,182,7.225274725274725,103
11,0.4,0.0,-25.654823966635508,-1.7777639213967829,-29.287547140349595,5.998400426552919,102,102,6.607843137254902,61
11,0.4,0.0005,-20.32599961720497,-2.1667620115325223,-23.81806036662886,4.158890962410024,79,79,6.405063291139241,49
11,0.4,0.001,-7.571382970515628,-2.4160919316456257,-10.103823121705888,2.479338842975207,42,42,7.0,26
12,,,-1.1892918109180028,-1.4650227181937925,-7.8167772690985,15.249266862170089,140,140,12.0,0
12,,0.0,-11.09208337780576,-2.2298465249127806,-14.742508812990895,9.357504665422555,85,85,12.0,0
12,,0.0005,-15.983299395865247,-2.837535116486493,-19.108354384147418,6.558251133031192,64,64,12.0,0
12,,0.001,-7.723291651124875,-2.4247518534637185,-10.607946733988355,3.9722740602505997,38,38,12.0,0
12,0.1,,-30.56102006830016,-1.076340140016123,-36.959010182361126,10.61050386563583,209,209,5.9330143540669855,147
12,0.1,0.0,-21.537683124228003,-1.930465447507267,-24.366108898224805,5.091975473207145,110,110,5.527272727272727,81
12,0.1,0.0005,-14.703663867996507,-2.5628370382003496,-17.715913206565183,3.225806451612903,80,80,5.225,61
12,0.1,0.001,-9.205486302680633,-2.5660328038160283,-11.759016519405218,1.999466808850973,44,44,5.795454545454546,33
12,0.2,,-32.87474979815095,-1.0827962624497909,-39.40006354581724,11.276992801919489,187,187,6.828877005347594,118
12,0.2,0.0,-20.370924721244023,-1.8640369566555084,-23.139050155741117,5.598507064782725,105,105,6.104761904761904,72
12,0.2,0.0005,-14.944592576601023,-2.4847363670702096,-17.892616921802002,3.732338043188483,77,77,5.961038961038961,54
12,0.2,0.001,-7.713456754208625,-2.4152813937728466,-10.242004243517554,2.3993601706211676,42,42,6.857142857142857,28
12,0.3,,-34.06030896692498,-1.097155702906051,-39.70994738642351,11.650226606238338,187,187,7.101604278074866,114
12,0.3,0.0,-20.789828540672005,-1.8663176966427628,-23.59874653058961,5.945081311650227,103,103,6.58252427184466,65
12,0.3,0.0005,-16.193053374470512,-2.5134418511747363,-19.159118807269625,3.998933617701946,77,77,6.415584415584416,50
12,0.3,0.001,-8.380595727887119,-2.4342950751347296,-10.89086435965533,2.532657957877899,42,42,7.238095238095238,27
12,0.4,,-37.27953831123349,-1.0780449833929568,-42.70369070804733,11.943481738203147,182,182,7.516483516483516,105
12,0.4,0.0,-20.400613496439014,-1.8498919559656724,-23.477097184077838,6.318315115969075,100,100,7.07,60
12,0.4,0.0005,-16.185465268768006,-2.4982602350194796,-19.15179925708585,4.158890962410024,76,76,6.7894736842105265,48
12,0.4,0.001,-7.203206636402626,-2.361949547465721,-9.74573440505587,2.5859770727805915,42,42,7.380952380952381,26
13,,,2.137964368203016,-1.4051569143700469,-6.239271556099354,16.60890429218875,130,130,13.0,0
13,,0.0,-10.927163212071756,-2.099523733725953,-14.628496618760703,10.050653159157557,82,82,13.0,0
13,,0.0005,-14.01180424738875,-2.6816569920926003,-16.739794743706156,7.3047187416688875,63,63,13.0,0
13,,0.001,-6.903361143056374,-2.278398686393915,-9.736106368611928,4.318848307118102,37,37,13.0,0
13,0.1,,-30.36684908177616,-1.0802196917029967,-36.50030180205129,11.303652359370835,203,203,6.330049261083744,143
13,0.1,0.0,-21.07685445960651,-1.9118824795517493,-23.451576013402793,5.518528392428686,109,109,5.825688073394495,81
13,0.1,0.0005,-14.049026169563493,-2.513413165411843,-16.620073083654184,3.5723806984804054,79,79,5.506329113924051,60
13,0.1,0.001,-9.86559157748913,-2.555727940239109,-12.400556809427727,2.132764596107705,43,43,6.1395348837209305,32
13,0.2,,-32.76036112332948,-1.0832789305308084,-39.48429570901483,11.943481738203147,180,180,7.311111111111111,115
13,0.2,0.0,-19.27988396472251,-1.8314620595596054,-21.795531544466623,5.918421754198881,105,105,6.333333333333333,74
13,0.2,0.0005,-14.946044301246019,-2.4588389319429655,-17.489742459872947,3.9456145027992537,77,77,6.142857142857143,56
13,0.2,0.001,-8.972511459160625,-2.425327828718872,-11.46656226562566,2.426019728072514,42,42,6.976190476190476,30
13,0.3,,-33.72677235802749,-1.0930053117709115,-39.95617818189126,12.263396427619302,179,179,7.575418994413408,110
13,0.3,0.0,-21.424839016489017,-1.8343758242485264,-23.80788641215462,6.344974673420421,102,102,6.882352941176471,67
13,0.3,0.0005,-16.164310326888497,-2.4872052355642893,-18.740731246821536,4.292188749666756,77,77,6.64935064935065,52
13,0.3,0.001,-9.64889749912512,-2.4445997201676573,-12.124416088833469,2.5593175153292456,42,42,7.380952380952381,29
13,0.4,,-36.138486608208986,-1.0675676946719155,-42.51102127996476,12.823247134097574,173,173,8.063583815028903,100
13,0.4,0.0,-21.04674956205851,-1.8192794752118129,-23.696456364069615,6.744868035190615,99,99,7.404040404040404,62
13,0.4,0.0005,-16.10366544118601,-2.4707793818312513,-18.68195008709088,4.478805651826179,76,76,7.0394736842105265,49
13,0.4,0.001,-6.6210577680246185,-2.2308217540205817,-9.179535760922594,2.6392961876832843,42,42,7.5476190476190474,27
14,,,3.1842566921369997,-1.369562253872478,-6.101770525981142,17.915222607304717,130,130,14.0,0
14,,0.0,-15.793259693511752,-2.1721691538463657,-19.139425239948736,10.61050386563583,81,81,14.0,0
14,,0.0005,-15.127108481750751,-2.674971909609352,-17.811718942477434,7.704612103439083,62,62,14.0,0
14,,0.001,-7.126985956597376,-2.271044928083675,-9.832982166271707,4.585443881631565,36,36,14.0,0
14,0.1,,-31.073253258652656,-1.0844070483814612,-37.01869304382033,11.70354572114103,201,201,6.552238805970149,143
14,0.1,0.0,-20.90201807197949,-1.907951864702854,-23.286712661889567,5.838443081844842,109,109,6.08256880733945,81
14,0.1,0.0005,-13.96322702998749,-2.5044450000087735,-16.639876987791446,3.7589976006398294,79,79,5.746835443037975,60
14,0.1,0.001,-9.738952290970627,-2.548315940934448,-12.277479161510287,2.2927219408157824,43,43,6.395348837209302,32
14,0.2,,-33.04182975584246,-1.0819761701939665,-39.86594178400761,12.769928019194882,180,180,7.6722222222222225,115
14,0.2,0.0,-20.49604106267201,-1.8394480200150003,-22.881520589076565,6.2916555585177285,105,105,6.628571428571429,74
14,0.2,0.0005,-14.916572790514005,-2.451275458901232,-17.56878621641938,4.18555051986137,76,76,6.473684210526316,55
14,0.2,0.001,-9.17032634943612,-2.4273856939428424,-11.658957250392046,2.5859770727805915,42,42,7.261904761904762,30
14,0.3,,-34.00218011036748,-1.0928604328112763,-40.306513481186144,13.009864036257,178,178,7.943820224719101,110
14,0.3,0.0,-22.294354155351016,-1.8326967761170276,-24.730205342116694,6.771527592641963,102,102,7.2254901960784315,67
14,0.3,0.0005,-15.723347887229998,-2.4641492206554916,-18.487802035269297,4.612103439082911,76,76,7.0394736842105265,51
14,0.3,0.001,-9.521500406924622,-2.4322518564152404,-12.000509533674446,2.7459344174886695,42,42,7.690476190476191,29
14,0.4,,-36.58347345864098,-1.06635414629138,-42.88014240123481,13.64969341508931,173,173,8.485549132947977,100
14,0.4,0.0,-21.89555057646151,-1.8175089938527111,-24.379428610790566,7.198080511863503,99,99,7.777777777777778,62
14,0.4,0.0005,-15.594274357036008,-2.44561146013158,-18.362962392480664,4.852039456145028,75,75,7.466666666666667,48
14,0.4,0.001,-6.46673596715962,-2.219526122795162,-9.029442203833977,2.852572647294055,42,42,7.904761904761905,27
15,,,3.171098229637015,-1.3547505691437005,-6.116917351294489,19.35483870967742,130,130,15.0,0
15,,0.0,-14.604310339228267,-2.097044390927114,-18.487658458272996,11.33031191682218,80,80,15.0,0
15,,0.0005,-14.12044260958626,-2.5969987409559168,-16.883759625696676,8.397760597174086,62,62,15.0,0
15,,0.001,-7.567571670578621,-2.2581315010294,-10.153421080022676,4.878699013596374,36,36,15.0,0
15,0.1,,-29.399978079980183,-1.0731916020643109,-35.491828122845334,12.42335377232738,199,199,6.8793969849246235,141
15,0.1,0.0,-21.15361555274,-1.9045491448830236,-23.352036472615872,6.131698213809651,109,109,6.339449541284404,81
15,0.1,0.0005,-14.110841824572995,-2.4968305638199952,-16.574011959591232,3.998933617701946,79,79,5.987341772151899,60
15,0.1,0.001,-10.327048349741386,-2.5600206332253888,-12.849035442763052,2.372700613169821,43,43,6.651162790697675,32
15,0.2,,-32.442548054080454,-1.08352287300993,-39.19076414280867,13.596374300186618,178,178,8.084269662921349,115
15,0.2,0.0,-20.890514737058517,-1.8290068306944172,-23.237797327704435,6.5849106904825385,104,104,6.961538461538462,74
15,0.2,0.0005,-14.977006099148504,-2.4331293452105847,-17.284655606917582,4.425486536923487,76,76,6.75,56
15,0.2,0.001,-9.180529917712876,-2.4093397936709327,-11.668881252374081,2.692615302585977,42,42,7.5476190476190474,30
15,0.3,,-33.82303754676747,-1.101084148512396,-40.03699515551888,13.463076512929886,174,174,8.24712643678161,111
15,0.3,0.0,-22.490318006567513,-1.8189385341415578,-24.65314357481107,7.118101839509464,101,101,7.6138613861386135,67
15,0.3,0.0005,-15.776650433435513,-2.446471858568857,-18.224990766783367,4.905358571047721,76,76,7.368421052631579,52
15,0.3,0.001,-9.555694387620372,-2.4150371524698024,-12.033766637757456,2.852572647294055,42,42,8.0,29
15,0.4,,-36.24945734182901,-1.0704556065613131,-42.413547015511526,14.262863236470274,170,170,8.864705882352942,103
15,0.4,0.0,-22.10301364510052,-1.8038805580733586,-24.53258371866798,7.571314316182351,98,98,8.204081632653061,62
15,0.4,0.0005,-15.769093623110496,-2.4323728957655377,-18.217653630024003,5.145294588109837,75,75,7.826666666666667,49
15,0.4,0.001,-6.824638151540863,-2.2146925368880424,-9.377538270899441,2.9592108770994403,42,42,8.261904761904763,27
16,,,3.3350315382185025,-1.316995321843173,-5.429494814041746,20.79445481205012,130,130,16.0,0
16,,0.0,-14.907124861842236,-2.0810265253873412,-18.667780254681162,12.076779525459877,80,80,16.0,0
16,,0.0005,-13.892950575286244,-2.557857543941509,-16.85823358236014,8.797653958944283,61,61,16.0,0
16,,0.001,-7.345815426683123,-2.228210886855894,-10.199736785396183,5.145294588109837,35,35,16.0,0
16,0.1,,-31.020867364386152,-1.0799063481927982,-36.876653001036196,12.823247134097574,198,198,7.126262626262626,142
16,0.1,0.0,-22.04369379656299,-1.9174920515074754,-24.212220202529046,6.2916555585177285,108,108,6.5092592592592595,81
16,0.1,0.0005,-14.719631320199,-2.505705454007567,-17.077369563786664,4.212210077312717,79,79,6.227848101265823,61
16,0.1,0.001,-9.976970430734877,-2.545928006356981,-12.50880321275237,2.5059984004265528,42,42,7.0,31
16,0.2,,-33.10986437366847,-1.0804894998744594,-39.75280023209506,14.182884564116236,177,177,8.3954802259887,116
16,0.2,0.0,-20.953651347493008,-1.821643340262773,-23.065511176509386,6.798187150093309,103,103,7.165048543689321,74
16,0.2,0.0005,-14.995564443045517,-2.417008150332758,-17.29408370339093,4.665422553985604,76,76,7.0131578947368425,56
16,0.2,0.001,-8.388868614866373,-2.3762454771832067,-10.898910578835947,2.852572647294055,41,41,7.951219512195122,29
16,0.3,,-34.63237112531499,-1.0982084569792299,-40.74105574881683,13.996267661956812,173,173,8.566473988439306,111
16,0.3,0.0,-22.920750344632,-1.8164591972471735,-25.066525847178927,7.358037856571581,100,100,7.87,67
16,0.3,0.0005,-15.66607243195901,-2.425198193218541,-18.041007029696846,5.19861370301253,76,76,7.684210526315789,52
16,0.3,0.001,-8.608291924712363,-2.3759436999480745,-11.11232193677982,3.039189549453479,41,41,8.439024390243903,28
16,0.4,,-37.2261394205625,-1.0699072929688669,-43.18869883476252,14.849373500399892,169,169,9.218934911242604,103
16,0.4,0.0,-22.582416831975515,-1.802704995702044,-24.73761105313211,7.837909890695814,97,97,8.494845360824742,62
16,0.4,0.0005,-15.862094213867007,-2.417991923180251,-18.23150862625135,5.465209277525993,75,75,8.173333333333334,50
16,0.4,0.001,-7.012532376245362,-2.1982030435428226,-9.560284405173611,3.1458277792588643,41,41,8.75609756097561,27
17,,,4.859015988062265,-1.2809889579883544,-5.522793525937629,22.047454012263394,130,130,17.0,0
17,,0.0,-11.053725964897499,-1.9580396909421334,-15.024613776313869,12.796587576646228,79,79,17.0,0
17,,0.0005,-13.130965722441989,-2.4824952673936127,-16.454625029131982,9.357504665422555,61,61,17.0,0
17,,0.001,-6.968071711842827,-2.209726006457092,-9.929074677079742,5.545187949880033,35,35,17.0,0
17,0.1,,-28.25368121882621,-1.0555828683457051,-35.036904070435746,13.463076512929886,197,197,7.436548223350254,142
17,0.1,0.0,-20.6122775057775,-1.882853672995809,-23.717610725606985,6.5049320181285,107,107,6.803738317757009,81
17,0.1,0.0005,-13.309034484062499,-2.447691392935584,-16.643176023129175,4.3721674220207944,79,79,6.455696202531645,61
17,0.1,0.001,-9.83303583396734,-2.5415727794293868,-12.36891667271328,2.6126366302319384,42,42,7.261904761904762,31
17,0.2,,-31.081628669011963,-1.0677667600686134,-38.03439581681896,14.822713942948548,176,176,8.778409090909092,117
17,0.2,0.0,-19.78199097107901,-1.8004080807108482,-22.51336794964944,7.038123167155426,102,102,7.490196078431373,74
17,0.2,0.0005,-14.248131995818014,-2.3886207363882637,-17.412735901194242,4.825379898693682,76,76,7.276315789473684,56
17,0.2,0.001,-8.532009465610846,-2.380343451819534,-11.03812953126201,2.9592108770994403,41,41,8.24390243902439,29
17,0.3,,-32.65299902300246,-1.086486671981666,-39.041213511901965,14.636097040789123,172,172,8.965116279069768,111
17,0.3,0.0,-21.575724545594998,-1.7939386213309698,-24.386672741047185,7.597973873633698,99,99,8.232323232323232,66
17,0.3,0.0005,-15.0911786993845,-2.40213309942685,-18.3814252807399,5.385230605171954,76,76,8.0,52
17,0.3,0.001,-8.93334937368383,-2.3855653267971975,-11.428473177244927,3.1458277792588643,41,41,8.75609756097561,28
17,0.4,,-35.1722940330225,-1.059046778014794,-41.31040241026026,15.51586243668355,168,168,9.654761904761905,104
17,0.4,0.0,-21.480180258150515,-1.7846129284636678,-24.4763107826717,8.077845907757931,96,96,8.895833333333334,61
17,0.4,0.0005,-15.4560691011845,-2.3997929005361405,-18.732176051595776,5.6518261796854175,75,75,8.506666666666666,50
17,0.4,0.001,-7.380975818597335,-2.2095036488006223,-9.918632911597273,3.25246600906425,41,41,9.097560975609756,27
18,,,7.082100853832252,-1.1998580856601488,-5.467549510399506,23.16715542521994,128,128,18.0,0
18,,0.0,-12.229293761508497,-1.9342109647342332,-15.769935538582114,13.249800053319117,77,77,18.0,0
18,,0.0005,-15.343127661129008,-2.4866264615258884,-17.971932972317056,9.544121567581978,59,59,18.0,0
18,,0.001,-5.310120130713559,-2.004580810827849,-8.320359508232473,5.891762196747534,35,35,18.0,0
18,0.1,,-27.675766648232212,-1.0451239932289695,-34.70676041998972,14.182884564116236,195,195,7.6923076923076925,141
18,0.1,0.0,-19.779480309043485,-1.8499552988240808,-22.15357426109485,6.904825379898694,106,106,7.084905660377358,81
18,0.1,0.0005,-12.734027705474006,-2.384843583954885,-15.350848759565194,4.665422553985604,78,78,6.730769230769231,61
18,0.1,0.001,-9.487093389557554,-2.5143023370138566,-12.032703610058796,2.7725939749400164,42,42,7.523809523809524,32
18,0.2,,-30.19801363535546,-1.0506924193614349,-38.08606921477149,15.755798453745667,174,174,9.166666666666666,115
18,0.2,0.0,-19.563303011191003,-1.7812110605450826,-21.660474937722356,7.464676086376966,101,101,7.811881188118812,73
18,0.2,0.0005,-13.646296868222995,-2.3299885985736686,-16.095196224580352,5.118635030658491,75,75,7.6,55
18,0.2,0.001,-8.447938999512061,-2.363628722701464,-10.956362501379415,3.1191682218075183,41,41,8.536585365853659,29
18,0.3,,-31.952559319608454,-1.0701087252008015,-39.319235775485225,15.569181551586246,171,171,9.35672514619883,110
18,0.3,0.0,-20.877885232610005,-1.7644607192426405,-23.060306649709986,8.077845907757931,98,98,8.622448979591837,65
18,0.3,0.0005,-14.481950648636499,-2.344065065778931,-17.081772850034717,5.731804852039456,75,75,8.386666666666667,51
18,0.3,0.001,-8.859806757447553,-2.3692470306147873,-11.356945545979391,3.3057851239669422,41,41,9.073170731707316,28
18,0.4,,-34.567743343679005,-1.0451722262726504,-41.68063697866135,16.47560650493202,167,167,10.077844311377245,103
18,0.4,0.0,-20.828916777442007,-1.7556358947389976,-23.148748961967282,8.584377499333511,95,95,9.326315789473684,61
18,0.4,0.0005,-14.938249897437505,-2.344828062723275,-17.524200209491756,5.998400426552919,74,74,8.91891891891892,50
18,0.4,0.001,-4.963786540828064,-2.021128456639187,-8.881101379122358,3.439082911223674,41,41,9.439024390243903,27
19,,,-4.315304350221238,-1.705431189391472,-6.278404962603775,23.273793655025326,123,123,19.0,0
19,,0.0,-11.312863605493007,-1.8853420880990144,-15.00996419176253,14.129565449213544,77,77,19.0,0
19,,0.0005,-13.647511910797006,-2.402649768423144,-16.571376548019085,10.290589176219674,59,59,19.0,0
19,,0.001,-3.9381728474178535,-1.926581253718216,-7.7085068703594315,6.21167688616369,35,35,19.0,0
19,0.1,,-28.24879079933217,-1.045825344597299,-35.215031110276676,14.422820581178353,193,193,7.94300518134715,140
19,0.1,0.0,-20.618243436627004,-1.8570554803479917,-23.126266824944057,7.198080511863503,106,106,7.320754716981132,81
19,0.1,0.0005,-13.319911175499987,-2.385781620516248,-15.716347348828885,4.852039456145028,78,78,6.948717948717949,61
19,0.1,0.001,-9.360136319288348,-2.5096243906457643,-11.90931711582945,2.879232204745401,42,42,7.761904761904762,32
19,0.2,,-30.383485004114974,-1.0529420836653942,-38.31708791645314,15.649160223940283,171,171,9.339181286549708,115
19,0.2,0.0,-19.405040561901487,-1.7705171135594284,-21.70108167687948,7.784590775793123,101,101,8.089108910891088,73
19,0.2,0.0005,-13.926980625927998,-2.3195500826933477,-16.247826003738805,5.358571047720607,75,75,7.866666666666666,55
19,0.2,0.001,-7.995390980174832,-2.3461922922507967,-10.516213788786615,3.279125566515596,41,41,8.829268292682928,29
19,0.3,,-32.682464243753465,-1.0752753474633958,-39.98068562207512,15.51586243668355,168,168,9.547619047619047,112
19,0.3,0.0,-21.629720481651994,-1.7667656262120688,-23.694369838924604,8.45107971207678,98,98,8.959183673469388,66
19,0.3,0.0005,-14.780749639169011,-2.334286015912732,-17.193270750295156,6.025059984004265,75,75,8.706666666666667,51
19,0.3,0.001,-8.43683534416284,-2.3528513877146167,-10.945563073698372,3.46574246867502,41,41,9.390243902439025,28
19,0.4,,-35.515557363469505,-1.0467987101261502,-42.5603740016548,16.47560650493202,164,164,10.304878048780488,104
19,0.4,0.0,-21.42772622369751,-1.7539817205198152,-23.506920466475272,8.984270861103706,95,95,9.68421052631579,61
19,0.4,0.0005,-15.237048887969994,-2.3351020472414943,-17.6366523594072,6.2916555585177285,74,74,9.243243243243244,50
19,0.4,0.001,-3.2672190894083464,-1.9434584298998505,-8.818570170321292,3.6256998133830978,41,41,9.78048780487805,27
20,,,-2.310488239422992,-1.635070648088712,-5.486659855261307,23.567048786990135,119,119,20.0,0
20,,0.0,-10.024777563077992,-1.8163887683806836,-13.742183708472497,14.609437483337775,76,76,20.0,0
20,,0.0005,-13.060515547709507,-2.349501426178192,-15.990273990592883,10.583844308184483,58,58,20.0,0
20,,0.001,-5.456591464614846,-1.906204439334474,-8.34059177914258,6.531591575579846,35,35,20.0,0
20,0.1,,-26.785955212287703,-1.0381505034136294,-33.75831346627263,14.902692615302584,191,191,8.261780104712042,138
20,0.1,0.0,-19.136580724677998,-1.8315291703895056,-21.759814644105816,7.491335643828312,106,106,7.556603773584905,81
20,0.1,0.0005,-11.909398218177502,-2.336411561791336,-14.72667619281654,5.038656358304452,78,78,7.166666666666667,61
20,0.1,0.001,-8.418472326397842,-2.477057216184347,-10.994136743610824,3.0125299920021327,42,42,8.0,32
20,0.2,,-29.823499448166967,-1.0493275229964079,-37.542271195940366,15.862436683551055,169,169,9.627218934911243,114
20,0.2,0.0,-18.58841480255551,-1.76262899357206,-20.87569069600939,8.051186350306585,101,101,8.366336633663366,73
20,0.2,0.0005,-12.516097170513007,-2.2745308802760245,-15.167930731312703,5.545187949880033,75,75,8.133333333333333,55
20,0.2,0.001,-7.164708076921844,-2.320779561314582,-9.708290662805137,3.4124233537723274,41,41,9.121951219512194,29
20,0.3,,-32.016678166680954,-1.0716331251848117,-39.09739984472916,15.569181551586246,165,165,9.812121212121212,110
20,0.3,0.0,-19.849271822537993,-1.7395563334434563,-22.18347673124516,8.637696614236203,97,97,9.22680412371134,65
20,0.3,0.0005,-13.114849421249009,-2.2825178996275635,-16.020145047738986,6.078379098906958,74,74,8.945945945945946,51
20,0.3,0.001,-7.428666156723828,-2.3207306982480316,-9.965016588096923,3.6256998133830978,41,41,9.707317073170731,28
20,0.4,,-35.376044317575996,-1.0529470349229733,-42.18869837382919,16.288989602772595,159,159,10.566037735849056,101
20,0.4,0.0,-19.878130567414498,-1.732148300616405,-22.207340252710676,9.17088776326313,94,94,9.98936170212766,60
20,0.4,0.0005,-13.571148670050015,-2.283835005113282,-16.46118640490855,6.344974673420421,73,73,9.493150684931507,49
20,0.4,0.001,-4.325309893604334,-1.9196120573130462,-7.902620404200358,3.7856571580911753,41,41,10.121951219512194,27
